{
  "lang":"ru",
  "name":"pipeline",
  "version":"0.0.0",
  "spacy_version":">=3.7.4,<3.8.0",
  "description":"",
  "author":"",
  "email":"",
  "url":"",
  "license":"",
  "spacy_git_version":"bff8725f4",
  "vectors":{
    "width":0,
    "vectors":0,
    "keys":0,
    "name":null,
    "mode":"default"
  },
  "labels":{
    "tok2vec":[

    ],
    "spancat":[
      "PERSON",
      "ORGANIZATION",
      "PROFESSION",
      "CITY",
      "AGE",
      "COUNTRY",
      "EVENT",
      "STATE_OR_PROVINCE",
      "TIME",
      "DATE",
      "ORDINAL",
      "NATIONALITY",
      "FACILITY",
      "LANGUAGE",
      "CRIME",
      "RELIGION",
      "LAW",
      "FAMILY",
      "AWARD",
      "MONEY",
      "PRODUCT",
      "IDEOLOGY",
      "DISEASE",
      "LOCATION",
      "DISTRICT",
      "WORK_OF_ART",
      "PENALTY",
      "PERCENT"
    ]
  },
  "pipeline":[
    "tok2vec",
    "spancat"
  ],
  "components":[
    "tok2vec",
    "spancat"
  ],
  "disabled":[

  ],
  "performance":{
    "spans_sc_f":0.5882352941,
    "spans_sc_p":0.7948106174,
    "spans_sc_r":0.4668885774,
    "tok2vec_loss":11.1634847753,
    "spancat_loss":2882.0534627438
  }
}